-- phpMyAdmin SQL Dump
-- version 5.2.1
-- https://www.phpmyadmin.net/
--
-- Host: 127.0.0.1
-- Generation Time: Jun 28, 2025 at 05:28 PM
-- Server version: 10.4.32-MariaDB
-- PHP Version: 8.1.25

SET SQL_MODE = "NO_AUTO_VALUE_ON_ZERO";
START TRANSACTION;
SET time_zone = "+00:00";


/*!40101 SET @OLD_CHARACTER_SET_CLIENT=@@CHARACTER_SET_CLIENT */;
/*!40101 SET @OLD_CHARACTER_SET_RESULTS=@@CHARACTER_SET_RESULTS */;
/*!40101 SET @OLD_COLLATION_CONNECTION=@@COLLATION_CONNECTION */;
/*!40101 SET NAMES utf8mb4 */;

--
-- Database: `perpusweb`
--

-- --------------------------------------------------------

--
-- Table structure for table `books`
--

CREATE TABLE `books` (
  `id` int(11) UNSIGNED NOT NULL,
  `title` varchar(255) NOT NULL,
  `author` varchar(255) NOT NULL,
  `publisher` varchar(255) NOT NULL,
  `year` year(4) NOT NULL,
  `isbn` varchar(20) NOT NULL,
  `category` varchar(100) NOT NULL,
  `stock` int(11) NOT NULL DEFAULT 0,
  `cover_image` varchar(255) DEFAULT NULL,
  `description` text DEFAULT NULL,
  `created_at` datetime DEFAULT NULL,
  `updated_at` datetime DEFAULT NULL,
  `deleted_at` datetime DEFAULT NULL
) ENGINE=InnoDB DEFAULT CHARSET=utf8mb4 COLLATE=utf8mb4_general_ci;

--
-- Dumping data for table `books`
--

INSERT INTO `books` (`id`, `title`, `author`, `publisher`, `year`, `isbn`, `category`, `stock`, `cover_image`, `description`, `created_at`, `updated_at`, `deleted_at`) VALUES
(1, 'Indonesia Merdeka', 'J.K. Rowling', 'Rama.J', '2018', '23455324561', 'Pendidikan', 3, '1751106539_d141bcdb4eb734c9789c.webp', 'Mari meraih kembali kejayaan ini', '2025-06-09 08:50:21', '2025-06-28 12:39:56', NULL),
(2, 'Bintang', 'tere liye', 'Gremedia', '2018', '9786020633176', 'Non-Fiksi', 1, 'default.svg', 'zzzzzzzzzzzzzzzzzzzzzzzzz', '2025-06-27 09:49:39', '2025-06-27 13:38:16', '2025-06-27 13:38:16'),
(3, 'Bintang', 'tere liye', 'Gremedia', '2018', ' 2183761380', 'Fiksi', 4, '1751106471_11545e7fcbb07807153d.jpg', 'Novel Bintang melanjutkan petualangan Raib, Seli, dan Ali ke dunia paralel yang keempat, yaitu Tanah Bintang. Dunia ini dikenal sangat tertutup dan penuh rahasia, dihuni oleh kaum yang sangat misterius dengan kekuatan berbeda dari dunia paralel lainnya.\r\n\r\nDi Tanah Bintang, mereka menghadapi tantangan yang jauh lebih rumit. Mereka harus memecahkan teka-teki masa lalu, menghadapi musuh tersembunyi, dan mengungkap rencana besar yang dapat mengguncang keseimbangan antar dunia. Perjalanan ini bukan hanya tentang kekuatan fisik, tetapi juga kekuatan hati, pikiran, dan keyakinan.\r\n\r\n', '2025-06-27 13:39:30', '2025-06-28 13:11:16', NULL),
(4, 'Matahari', 'tere liye', 'Gremedia', '2020', ' 8316722138', 'Fiksi', 2, '1751106448_f4eb251701c06be2aebb.jpg', 'Dalam novel Matahari, kisah petualangan Raib, Seli, dan Ali berlanjut ke dunia paralel ketiga, yaitu Tanah Matahari. Kali ini, mereka harus menyelidiki fenomena misterius yang mengancam dunia paralel: sebuah eksperimen berbahaya tentang mesin waktu.\r\n\r\nAli, si jenius penuh rasa ingin tahu, menjadi pusat cerita dalam buku ini. Ia sangat tertarik dengan teknologi Tanah Matahari yang menggabungkan sains dan kekuatan alam. Tapi, di balik semua itu, tersimpan ancaman besar jika eksperimen mesin waktu tersebut jatuh ke tangan yang salah.\r\n\r\nPara tokoh menghadapi pilihan sulit antara rasa penasaran, ambisi, dan tanggung jawab untuk menjaga keseimbangan dunia.', '2025-06-27 18:48:37', '2025-06-28 13:11:50', NULL),
(5, 'Bumi', 'tere liye', 'Gremedia', '2020', '1372618289', 'Fiksi', 2, '1751106422_5722e689b97978684fe8.jpg', 'Bumi adalah novel fantasi pertama dalam semesta Bumi Series karya Tere Liye. Mengisahkan tentang seorang remaja perempuan bernama Raib, siswi SMA biasa yang ternyata memiliki kekuatan istimewa: bisa menghilang. Awalnya ia merasa kekuatannya aneh dan menyulitkan, hingga suatu hari ia bertemu dengan dua sahabatnya yang juga punya kemampuan khusus: Seli yang bisa mengeluarkan petir dan Ali si jenius.\r\n\r\nPetualangan mereka dimulai ketika Raib membuka gerbang menuju dunia paralel—dunia di luar dunia manusia yang ia kenal. Mereka pun menjelajah dunia Tanah Bumi, tempat berbagai kekuatan dan rahasia tersembunyi.\r\n\r\n', '2025-06-28 07:11:29', '2025-06-28 13:11:06', NULL),
(6, 'Lumpur', 'tere liye', 'Republik', '2019', ' 2183761385', 'Fiksi', 2, '1751106141_c3bc9fe773c2823c99d2.jpg', 'Lumpur adalah novel yang menggambarkan perjalanan hidup seorang anak manusia yang terjebak dalam \"lumpur\" kehidupan—kemiskinan, kekerasan, kebencian, dendam, dan ketidakadilan sosial. Tokoh utama dalam cerita ini berjuang keras untuk bangkit dari keterpurukan dan trauma masa lalu yang kelam.\r\n\r\nKisah ini tidak hanya menyentuh aspek emosional, tetapi juga menyajikan kritik sosial yang kuat terhadap sistem yang timpang. Seperti banyak karya Tere Liye lainnya, Lumpur menyelami konflik batin tokoh-tokohnya dengan narasi yang menyentuh dan penuh makna.\r\n\r\nNovel ini mengajak pembaca untuk merenungi: apakah manusia bisa benar-benar bersih dari lumpur masa lalunya? Ataukah ia hanya bisa belajar berdiri dan berjalan dengan kaki yang tetap kotor?', '2025-06-28 07:33:20', '2025-06-28 13:17:03', NULL);

-- --------------------------------------------------------

--
-- Table structure for table `borrowings`
--

CREATE TABLE `borrowings` (
  `id` int(11) UNSIGNED NOT NULL,
  `user_id` int(11) UNSIGNED NOT NULL,
  `book_id` int(11) UNSIGNED NOT NULL,
  `borrow_date` date NOT NULL,
  `due_date` date NOT NULL,
  `return_date` date DEFAULT NULL,
  `status` enum('pending','borrowed','returned','overdue') NOT NULL DEFAULT 'pending',
  `extended` tinyint(1) DEFAULT 0,
  `fine_amount` decimal(10,2) NOT NULL DEFAULT 0.00,
  `fine_paid` decimal(10,2) NOT NULL DEFAULT 0.00,
  `created_at` datetime DEFAULT NULL,
  `updated_at` datetime DEFAULT NULL,
  `deleted_at` datetime DEFAULT NULL
) ENGINE=InnoDB DEFAULT CHARSET=utf8mb4 COLLATE=utf8mb4_general_ci;

--
-- Dumping data for table `borrowings`
--

INSERT INTO `borrowings` (`id`, `user_id`, `book_id`, `borrow_date`, `due_date`, `return_date`, `status`, `extended`, `fine_amount`, `fine_paid`, `created_at`, `updated_at`, `deleted_at`) VALUES
(1, 7, 1, '2025-06-09', '2025-06-23', NULL, 'overdue', 1, 0.00, 0.00, '2025-06-09 11:41:15', '2025-06-09 11:41:15', NULL),
(2, 8, 4, '2025-06-27', '2025-07-11', '2025-06-27', 'returned', 1, 0.00, 0.00, '2025-06-27 18:53:25', '2025-06-27 19:28:55', NULL),
(3, 8, 1, '2025-06-27', '2025-07-04', '2025-06-27', 'returned', 0, 0.00, 0.00, '2025-06-27 18:54:18', '2025-06-27 19:28:49', NULL),
(4, 8, 3, '2025-06-27', '2025-07-11', '2025-06-27', 'returned', 1, 0.00, 0.00, '2025-06-27 19:40:32', '2025-06-27 19:46:16', NULL),
(5, 8, 3, '2025-06-27', '2025-07-04', '2025-06-28', 'returned', 0, 0.00, 0.00, '2025-06-27 19:46:28', '2025-06-28 07:37:20', NULL),
(6, 8, 4, '2025-06-27', '2025-07-04', '2025-06-28', 'returned', 0, 0.00, 0.00, '2025-06-27 19:54:07', '2025-06-28 07:37:23', NULL),
(7, 8, 6, '2025-06-28', '2025-07-12', '2025-06-28', 'returned', 1, 0.00, 0.00, '2025-06-28 07:37:11', '2025-06-28 12:39:51', NULL),
(8, 8, 1, '2025-06-28', '2025-07-12', '2025-06-28', 'returned', 1, 0.00, 0.00, '2025-06-28 11:00:21', '2025-06-28 12:39:56', NULL),
(9, 8, 3, '2025-06-28', '2025-07-12', '2025-06-28', 'returned', 1, 0.00, 0.00, '2025-06-28 12:40:02', '2025-06-28 12:49:14', NULL),
(10, 8, 5, '2025-06-28', '2025-07-05', '2025-06-28', 'returned', 0, 0.00, 0.00, '2025-06-28 13:09:54', '2025-06-28 13:11:06', NULL),
(11, 8, 3, '2025-06-28', '2025-07-05', '2025-06-28', 'returned', 0, 0.00, 0.00, '2025-06-28 13:10:04', '2025-06-28 13:11:02', NULL),
(12, 8, 4, '2025-06-28', '2025-07-05', '2025-06-28', 'returned', 0, 0.00, 0.00, '2025-06-28 13:10:22', '2025-06-28 13:11:05', NULL),
(13, 8, 3, '2025-06-28', '2025-07-05', NULL, 'borrowed', 0, 0.00, 0.00, '2025-06-28 13:11:16', '2025-06-28 13:11:16', NULL),
(14, 8, 4, '2025-06-28', '2025-07-05', NULL, 'borrowed', 0, 0.00, 0.00, '2025-06-28 13:11:50', '2025-06-28 13:11:50', NULL),
(15, 8, 6, '2025-06-28', '2025-07-05', NULL, 'borrowed', 0, 0.00, 0.00, '2025-06-28 13:17:03', '2025-06-28 13:17:03', NULL);

-- --------------------------------------------------------

--
-- Table structure for table `ci_sessions`
--

CREATE TABLE `ci_sessions` (
  `id` varchar(128) NOT NULL,
  `ip_address` varchar(45) NOT NULL,
  `timestamp` timestamp NOT NULL DEFAULT current_timestamp(),
  `data` blob NOT NULL
) ENGINE=InnoDB DEFAULT CHARSET=utf8mb4 COLLATE=utf8mb4_general_ci;

--
-- Dumping data for table `ci_sessions`
--

INSERT INTO `ci_sessions` (`id`, `ip_address`, `timestamp`, `data`) VALUES
('ci_session:01b34fa237b830f67af3967b06f2d439', '::1', '2025-06-28 11:51:22', 0x5f5f63695f6c6173745f726567656e65726174657c693a313735313131313438323b5f63695f70726576696f75735f75726c7c733a33363a22687474703a2f2f6c6f63616c686f73743a383038302f757365722f64617368626f617264223b757365725f69647c733a313a2238223b757365726e616d657c733a31393a22727564696e69696e6940676d61696c2e636f6d223b66756c6c6e616d657c733a363a22727564696e69223b656d61696c7c733a31393a22727564696e69696e6940676d61696c2e636f6d223b726f6c657c733a343a2275736572223b6c6f676765645f696e7c623a313b5f5f63695f766172737c613a303a7b7d),
('ci_session:067c6707500453dc1cd64db049f892e9', '::1', '2025-06-28 13:24:37', 0x5f5f63695f6c6173745f726567656e65726174657c693a313735313131373037373b5f63695f70726576696f75735f75726c7c733a33373a22687474703a2f2f6c6f63616c686f73743a383038302f757365722f626f72726f77696e6773223b757365725f69647c733a313a2238223b757365726e616d657c733a31393a22727564696e69696e6940676d61696c2e636f6d223b66756c6c6e616d657c733a363a22727564696e69223b656d61696c7c733a31393a22727564696e69696e6940676d61696c2e636f6d223b726f6c657c733a343a2275736572223b6c6f676765645f696e7c623a313b737563636573737c733a32323a2242756b7520626572686173696c20646970696e6a616d223b5f5f63695f766172737c613a313a7b733a373a2273756363657373223b733a333a226f6c64223b7d),
('ci_session:0e33f798d6368a918d952c3c156e605d', '::1', '2025-06-28 07:10:36', 0x5f5f63695f6c6173745f726567656e65726174657c693a313735313039343633363b6572726f727c733a32393a2253696c616b616e206c6f67696e207465726c6562696820646168756c75223b5f5f63695f766172737c613a313a7b733a353a226572726f72223b733a333a226e6577223b7d),
('ci_session:156d272457f4a0474fe76071ce7b2f3f', '::1', '2025-06-28 11:13:52', 0x5f5f63695f6c6173745f726567656e65726174657c693a313735313130393233323b5f63695f70726576696f75735f75726c7c733a33373a22687474703a2f2f6c6f63616c686f73743a383038302f757365722f626f72726f77696e6773223b757365725f69647c733a313a2238223b757365726e616d657c733a31393a22727564696e69696e6940676d61696c2e636f6d223b66756c6c6e616d657c733a31323a22527564696e69207365646174223b656d61696c7c733a31393a22727564696e69696e6940676d61696c2e636f6d223b726f6c657c733a343a2275736572223b6c6f676765645f696e7c623a313b5f5f63695f766172737c613a303a7b7d),
('ci_session:24dff8bce296d889bf7ea39d856ae62a', '::1', '2025-06-28 06:37:01', 0x5f5f63695f6c6173745f726567656e65726174657c693a313735313039323632303b5f5f63695f766172737c613a303a7b7d5f63695f70726576696f75735f75726c7c733a33323a22687474703a2f2f6c6f63616c686f73743a383038302f617574682f6c6f67696e223b),
('ci_session:28b9713700b5e83efe1ec7c17332219d', '::1', '2025-06-28 07:15:56', 0x5f5f63695f6c6173745f726567656e65726174657c693a313735313039343935363b5f63695f70726576696f75735f75726c7c733a33333a22687474703a2f2f6c6f63616c686f73743a383038302f61646d696e2f626f6f6b73223b757365725f69647c733a313a2231223b757365726e616d657c733a353a2261646d696e223b66756c6c6e616d657c733a31333a2241646d696e6973747261746f72223b656d61696c7c733a31393a2261646d696e407065727075737765622e636f6d223b726f6c657c733a353a2261646d696e223b69735f6163746976657c733a313a2231223b6c6f676765645f696e7c623a313b5f5f63695f766172737c613a303a7b7d),
('ci_session:2d50541f30c2f57ace6ba61086f0b029', '::1', '2025-06-28 10:00:38', 0x5f5f63695f6c6173745f726567656e65726174657c693a313735313130343833383b6572726f727c733a32393a2253696c616b616e206c6f67696e207465726c6562696820646168756c75223b5f5f63695f766172737c613a313a7b733a353a226572726f72223b733a333a226e6577223b7d),
('ci_session:2df834c2b996b4da6657a141579795e1', '::1', '2025-06-28 10:58:49', 0x5f5f63695f6c6173745f726567656e65726174657c693a313735313130383332393b5f63695f70726576696f75735f75726c7c733a34363a22687474703a2f2f6c6f63616c686f73743a383038302f757365722f626f72726f77696e67732f657874656e642f37223b757365725f69647c733a313a2238223b757365726e616d657c733a31393a22727564696e69696e6940676d61696c2e636f6d223b66756c6c6e616d657c733a363a22727564696e69223b656d61696c7c733a31393a22727564696e69696e6940676d61696c2e636f6d223b726f6c657c733a343a2275736572223b6c6f676765645f696e7c623a313b5f5f63695f766172737c613a303a7b7d),
('ci_session:32c0793baae29e0553a4b392d2c320b1', '::1', '2025-06-27 19:28:39', 0x5f5f63695f6c6173745f726567656e65726174657c693a313735313035323531393b5f63695f70726576696f75735f75726c7c733a33373a22687474703a2f2f6c6f63616c686f73743a383038302f757365722f626f72726f77696e6773223b757365725f69647c733a313a2238223b757365726e616d657c733a31393a22727564696e69696e6940676d61696c2e636f6d223b66756c6c6e616d657c733a363a22727564696e69223b656d61696c7c733a31393a22727564696e69696e6940676d61696c2e636f6d223b726f6c657c733a343a2275736572223b69735f6163746976657c733a313a2231223b6c6f676765645f696e7c623a313b5f5f63695f766172737c613a303a7b7d),
('ci_session:36494cd2f90006d0b0059a933a4b337b', '::1', '2025-06-28 07:29:51', 0x5f5f63695f6c6173745f726567656e65726174657c693a313735313039353739313b5f63695f70726576696f75735f75726c7c733a33373a22687474703a2f2f6c6f63616c686f73743a383038302f61646d696e2f64617368626f617264223b757365725f69647c733a313a2231223b757365726e616d657c733a353a2261646d696e223b66756c6c6e616d657c733a31333a2241646d696e6973747261746f72223b656d61696c7c733a31393a2261646d696e407065727075737765622e636f6d223b726f6c657c733a353a2261646d696e223b69735f6163746976657c733a313a2231223b6c6f676765645f696e7c623a313b),
('ci_session:3714e69ba3dcea227e4cc09275bf7974', '::1', '2025-06-28 08:33:02', 0x5f5f63695f6c6173745f726567656e65726174657c693a313735313039393538323b5f5f63695f766172737c613a303a7b7d),
('ci_session:3864042a52759201c10d178aec02e431', '::1', '2025-06-27 09:57:41', 0x5f5f63695f6c6173745f726567656e65726174657c693a313735313031383236313b5f63695f70726576696f75735f75726c7c733a33333a22687474703a2f2f6c6f63616c686f73743a383038302f61646d696e2f626f6f6b73223b757365725f69647c733a313a2231223b757365726e616d657c733a353a2261646d696e223b66756c6c6e616d657c733a31333a2241646d696e6973747261746f72223b656d61696c7c733a31393a2261646d696e407065727075737765622e636f6d223b726f6c657c733a353a2261646d696e223b6c6f676765645f696e7c623a313b737563636573737c733a33303a2242756b75206261727520626572686173696c20646974616d6261686b616e223b5f5f63695f766172737c613a313a7b733a373a2273756363657373223b733a333a226f6c64223b7d),
('ci_session:3923fd5a4eefe0074725178c0a406d72', '::1', '2025-06-27 13:20:27', 0x5f5f63695f6c6173745f726567656e65726174657c693a313735313033303432373b5f63695f70726576696f75735f75726c7c733a33373a22687474703a2f2f6c6f63616c686f73743a383038302f61646d696e2f64617368626f617264223b757365725f69647c733a313a2231223b757365726e616d657c733a353a2261646d696e223b66756c6c6e616d657c733a31333a2241646d696e6973747261746f72223b656d61696c7c733a31393a2261646d696e407065727075737765622e636f6d223b726f6c657c733a353a2261646d696e223b6c6f676765645f696e7c623a313b),
('ci_session:42a9567d91a9d26435128f722599b3d7', '::1', '2025-06-27 19:45:51', 0x5f5f63695f6c6173745f726567656e65726174657c693a313735313035333535313b5f63695f70726576696f75735f75726c7c733a33373a22687474703a2f2f6c6f63616c686f73743a383038302f757365722f626f72726f77696e6773223b757365725f69647c733a313a2238223b757365726e616d657c733a31393a22727564696e69696e6940676d61696c2e636f6d223b66756c6c6e616d657c733a363a22727564696e69223b656d61696c7c733a31393a22727564696e69696e6940676d61696c2e636f6d223b726f6c657c733a343a2275736572223b69735f6163746976657c733a313a2231223b6c6f676765645f696e7c623a313b5f5f63695f766172737c613a303a7b7d),
('ci_session:43013e76b0a87f0dd43d60977ca0c681', '::1', '2025-06-27 19:07:47', 0x5f5f63695f6c6173745f726567656e65726174657c693a313735313035313236373b5f63695f70726576696f75735f75726c7c733a33373a22687474703a2f2f6c6f63616c686f73743a383038302f757365722f626f72726f77696e6773223b757365725f69647c733a313a2238223b757365726e616d657c733a31393a22727564696e69696e6940676d61696c2e636f6d223b66756c6c6e616d657c733a363a22727564696e69223b656d61696c7c733a31393a22727564696e69696e6940676d61696c2e636f6d223b726f6c657c733a343a2275736572223b69735f6163746976657c733a313a2231223b6c6f676765645f696e7c623a313b5f5f63695f766172737c613a303a7b7d),
('ci_session:5259caa0a79a236a41924b5560e7023c', '::1', '2025-06-28 10:39:20', 0x5f5f63695f6c6173745f726567656e65726174657c693a313735313130373136303b5f63695f70726576696f75735f75726c7c733a33373a22687474703a2f2f6c6f63616c686f73743a383038302f61646d696e2f64617368626f617264223b757365725f69647c733a313a2231223b757365726e616d657c733a353a2261646d696e223b66756c6c6e616d657c733a31333a2241646d696e6973747261746f72223b656d61696c7c733a31393a2261646d696e407065727075737765622e636f6d223b726f6c657c733a353a2261646d696e223b6c6f676765645f696e7c623a313b),
('ci_session:53375fa6ac513db87d1e2457038964bd', '::1', '2025-06-28 09:53:46', 0x5f5f63695f6c6173745f726567656e65726174657c693a313735313130343432363b6572726f727c733a32393a2253696c616b616e206c6f67696e207465726c6562696820646168756c75223b5f5f63695f766172737c613a313a7b733a353a226572726f72223b733a333a226e6577223b7d),
('ci_session:55601bb0865f10b91d2e2ae027e85a39', '::1', '2025-06-28 07:18:32', 0x5f5f63695f6c6173745f726567656e65726174657c693a313735313039353131323b6572726f727c733a32393a2253696c616b616e206c6f67696e207465726c6562696820646168756c75223b5f5f63695f766172737c613a313a7b733a353a226572726f72223b733a333a226e6577223b7d),
('ci_session:588821754260fd2eeec4b5e42017c030', '::1', '2025-06-28 07:18:32', 0x5f5f63695f6c6173745f726567656e65726174657c693a313735313039353131323b5f5f63695f766172737c613a303a7b7d5f63695f70726576696f75735f75726c7c733a33323a22687474703a2f2f6c6f63616c686f73743a383038302f617574682f6c6f67696e223b),
('ci_session:5935dfd01c6e22f8aee51eafa0e8bbf1', '::1', '2025-06-27 13:19:20', 0x5f5f63695f6c6173745f726567656e65726174657c693a313735313033303335383b5f5f63695f766172737c613a303a7b7d5f63695f70726576696f75735f75726c7c733a32323a22687474703a2f2f6c6f63616c686f73743a383038302f223b),
('ci_session:5c84986f16ca7cf00d8ef88d65f20eb0', '::1', '2025-06-28 13:00:47', 0x5f5f63695f6c6173745f726567656e65726174657c693a313735313131353634373b5f63695f70726576696f75735f75726c7c733a32363a22687474703a2f2f6c6f63616c686f73743a383038302f75736572223b757365725f69647c733a313a2238223b757365726e616d657c733a31393a22727564696e69696e6940676d61696c2e636f6d223b66756c6c6e616d657c733a363a22727564696e69223b656d61696c7c733a31393a22727564696e69696e6940676d61696c2e636f6d223b726f6c657c733a343a2275736572223b6c6f676765645f696e7c623a313b5f5f63695f766172737c613a303a7b7d),
('ci_session:6108d68c89803ed1507ad0503fa616f5', '::1', '2025-06-28 07:34:58', 0x5f5f63695f6c6173745f726567656e65726174657c693a313735313039363039383b5f63695f70726576696f75735f75726c7c733a34303a22687474703a2f2f6c6f63616c686f73743a383038302f61646d696e2f626f6f6b732f656469742f34223b757365725f69647c733a313a2231223b757365726e616d657c733a353a2261646d696e223b66756c6c6e616d657c733a31333a2241646d696e6973747261746f72223b656d61696c7c733a31393a2261646d696e407065727075737765622e636f6d223b726f6c657c733a353a2261646d696e223b69735f6163746976657c733a313a2231223b6c6f676765645f696e7c623a313b),
('ci_session:63eddf82ac6f8dd55294010689422f80', '::1', '2025-06-28 11:03:50', 0x5f5f63695f6c6173745f726567656e65726174657c693a313735313130383633303b5f63695f70726576696f75735f75726c7c733a33373a22687474703a2f2f6c6f63616c686f73743a383038302f757365722f626f72726f77696e6773223b757365725f69647c733a313a2238223b757365726e616d657c733a31393a22727564696e69696e6940676d61696c2e636f6d223b66756c6c6e616d657c733a363a22727564696e69223b656d61696c7c733a31393a22727564696e69696e6940676d61696c2e636f6d223b726f6c657c733a343a2275736572223b6c6f676765645f696e7c623a313b5f5f63695f766172737c613a303a7b7d),
('ci_session:66e46ffb965615836816888b395d6cc3', '::1', '2025-06-28 13:30:48', 0x5f5f63695f6c6173745f726567656e65726174657c693a313735313131373332373b5f63695f70726576696f75735f75726c7c733a33323a22687474703a2f2f6c6f63616c686f73743a383038302f757365722f626f6f6b73223b757365725f69647c733a313a2238223b757365726e616d657c733a31393a22727564696e69696e6940676d61696c2e636f6d223b66756c6c6e616d657c733a363a22727564696e69223b656d61696c7c733a31393a22727564696e69696e6940676d61696c2e636f6d223b726f6c657c733a343a2275736572223b6c6f676765645f696e7c623a313b5f5f63695f766172737c613a303a7b7d),
('ci_session:6f114e9338bc7be05833741da9824727', '::1', '2025-06-28 13:16:55', 0x5f5f63695f6c6173745f726567656e65726174657c693a313735313131363631353b5f63695f70726576696f75735f75726c7c733a33373a22687474703a2f2f6c6f63616c686f73743a383038302f757365722f626f72726f77696e6773223b757365725f69647c733a313a2238223b757365726e616d657c733a31393a22727564696e69696e6940676d61696c2e636f6d223b66756c6c6e616d657c733a363a22727564696e69223b656d61696c7c733a31393a22727564696e69696e6940676d61696c2e636f6d223b726f6c657c733a343a2275736572223b6c6f676765645f696e7c623a313b737563636573737c733a32323a2242756b7520626572686173696c20646970696e6a616d223b5f5f63695f766172737c613a313a7b733a373a2273756363657373223b733a333a226f6c64223b7d),
('ci_session:708dcc81eb5c96dbb20c70e3cb8eae95', '::1', '2025-06-27 13:23:13', 0x5f5f63695f6c6173745f726567656e65726174657c693a313735313033303539333b5f5f63695f766172737c613a303a7b7d5f63695f70726576696f75735f75726c7c733a33323a22687474703a2f2f6c6f63616c686f73743a383038302f617574682f6c6f67696e223b),
('ci_session:722c7310838963e2882951db2c6bced2', '::1', '2025-06-27 19:53:46', 0x5f5f63695f6c6173745f726567656e65726174657c693a313735313035343032363b5f63695f70726576696f75735f75726c7c733a33323a22687474703a2f2f6c6f63616c686f73743a383038302f757365722f626f6f6b73223b757365725f69647c733a313a2238223b757365726e616d657c733a31393a22727564696e69696e6940676d61696c2e636f6d223b66756c6c6e616d657c733a363a22727564696e69223b656d61696c7c733a31393a22727564696e69696e6940676d61696c2e636f6d223b726f6c657c733a343a2275736572223b69735f6163746976657c733a313a2231223b6c6f676765645f696e7c623a313b5f5f63695f766172737c613a303a7b7d),
('ci_session:7555203fb9d6b19af1759039ee829e57', '::1', '2025-06-28 09:49:14', 0x5f5f63695f6c6173745f726567656e65726174657c693a313735313130343135343b5f63695f70726576696f75735f75726c7c733a35343a22687474703a2f2f6c6f63616c686f73742f70657270757377656266696e616c2f7075626c69632f61646d696e2f64617368626f617264223b757365725f69647c733a313a2231223b757365726e616d657c733a353a2261646d696e223b66756c6c6e616d657c733a31333a2241646d696e6973747261746f72223b656d61696c7c733a31393a2261646d696e407065727075737765622e636f6d223b726f6c657c733a353a2261646d696e223b69735f6163746976657c733a313a2231223b6c6f676765645f696e7c623a313b),
('ci_session:7765e0da28bd8419316d5a24b4cb5f52', '::1', '2025-06-28 09:28:22', 0x5f5f63695f6c6173745f726567656e65726174657c693a313735313130323930323b5f63695f70726576696f75735f75726c7c733a35343a22687474703a2f2f6c6f63616c686f73742f70657270757377656266696e616c2f7075626c69632f61646d696e2f64617368626f617264223b757365725f69647c733a313a2231223b757365726e616d657c733a353a2261646d696e223b66756c6c6e616d657c733a31333a2241646d696e6973747261746f72223b656d61696c7c733a31393a2261646d696e407065727075737765622e636f6d223b726f6c657c733a353a2261646d696e223b69735f6163746976657c733a313a2231223b6c6f676765645f696e7c623a313b),
('ci_session:79b151d43aaa56eb397c7e7d387eacb6', '::1', '2025-06-28 11:32:02', 0x5f5f63695f6c6173745f726567656e65726174657c693a313735313131303332323b5f63695f70726576696f75735f75726c7c733a33323a22687474703a2f2f6c6f63616c686f73743a383038302f757365722f626f6f6b73223b757365725f69647c733a313a2238223b757365726e616d657c733a31393a22727564696e69696e6940676d61696c2e636f6d223b66756c6c6e616d657c733a31323a22527564696e69207365646174223b656d61696c7c733a31393a22727564696e69696e6940676d61696c2e636f6d223b726f6c657c733a343a2275736572223b6c6f676765645f696e7c623a313b5f5f63695f766172737c613a303a7b7d),
('ci_session:7c834565434d6501e21d9605e097e3bb', '::1', '2025-06-27 19:15:02', 0x5f5f63695f6c6173745f726567656e65726174657c693a313735313035313730323b5f63695f70726576696f75735f75726c7c733a33363a22687474703a2f2f6c6f63616c686f73743a383038302f757365722f64617368626f617264223b757365725f69647c733a313a2238223b757365726e616d657c733a31393a22727564696e69696e6940676d61696c2e636f6d223b66756c6c6e616d657c733a363a22727564696e69223b656d61696c7c733a31393a22727564696e69696e6940676d61696c2e636f6d223b726f6c657c733a343a2275736572223b69735f6163746976657c733a313a2231223b6c6f676765645f696e7c623a313b5f5f63695f766172737c613a303a7b7d),
('ci_session:7d874a168ad849b14a45b8ff5596e418', '::1', '2025-06-28 12:28:44', 0x5f5f63695f6c6173745f726567656e65726174657c693a313735313131333732343b5f63695f70726576696f75735f75726c7c733a32363a22687474703a2f2f6c6f63616c686f73743a383038302f75736572223b757365725f69647c733a313a2238223b757365726e616d657c733a31393a22727564696e69696e6940676d61696c2e636f6d223b66756c6c6e616d657c733a363a22727564696e69223b656d61696c7c733a31393a22727564696e69696e6940676d61696c2e636f6d223b726f6c657c733a343a2275736572223b6c6f676765645f696e7c623a313b5f5f63695f766172737c613a303a7b7d),
('ci_session:7f89e7a00f8c69f798ff4458a8c5cf3c', '::1', '2025-06-28 08:40:23', 0x5f5f63695f6c6173745f726567656e65726174657c693a313735313130303032333b5f5f63695f766172737c613a303a7b7d),
('ci_session:8055d674ecc2e41d64ed624b8ea35fe0', '::1', '2025-06-28 11:38:03', 0x5f5f63695f6c6173745f726567656e65726174657c693a313735313131303638333b5f63695f70726576696f75735f75726c7c733a32363a22687474703a2f2f6c6f63616c686f73743a383038302f75736572223b757365725f69647c733a313a2238223b757365726e616d657c733a31393a22727564696e69696e6940676d61696c2e636f6d223b66756c6c6e616d657c733a31323a22527564696e69207365646174223b656d61696c7c733a31393a22727564696e69696e6940676d61696c2e636f6d223b726f6c657c733a343a2275736572223b6c6f676765645f696e7c623a313b5f5f63695f766172737c613a303a7b7d),
('ci_session:8448413cd723b53622348ae7619e90cb', '::1', '2025-06-28 07:10:12', 0x5f5f63695f6c6173745f726567656e65726174657c693a313735313039343631323b5f63695f70726576696f75735f75726c7c733a33333a22687474703a2f2f6c6f63616c686f73743a383038302f61646d696e2f626f6f6b73223b757365725f69647c733a313a2231223b757365726e616d657c733a353a2261646d696e223b66756c6c6e616d657c733a31333a2241646d696e6973747261746f72223b656d61696c7c733a31393a2261646d696e407065727075737765622e636f6d223b726f6c657c733a353a2261646d696e223b69735f6163746976657c733a313a2231223b6c6f676765645f696e7c623a313b5f5f63695f766172737c613a303a7b7d),
('ci_session:84911d2811332eafdeb15c4e345236c5', '::1', '2025-06-28 11:27:00', 0x5f5f63695f6c6173745f726567656e65726174657c693a313735313131303032303b5f63695f70726576696f75735f75726c7c733a33323a22687474703a2f2f6c6f63616c686f73743a383038302f757365722f626f6f6b73223b757365725f69647c733a313a2238223b757365726e616d657c733a31393a22727564696e69696e6940676d61696c2e636f6d223b66756c6c6e616d657c733a31323a22527564696e69207365646174223b656d61696c7c733a31393a22727564696e69696e6940676d61696c2e636f6d223b726f6c657c733a343a2275736572223b6c6f676765645f696e7c623a313b5f5f63695f766172737c613a303a7b7d),
('ci_session:85722aa6f9212e12e38ffefc19d2502f', '::1', '2025-06-27 13:44:57', 0x5f5f63695f6c6173745f726567656e65726174657c693a313735313033313839373b5f63695f70726576696f75735f75726c7c733a33333a22687474703a2f2f6c6f63616c686f73743a383038302f61646d696e2f626f6f6b73223b757365725f69647c733a313a2231223b757365726e616d657c733a353a2261646d696e223b66756c6c6e616d657c733a31333a2241646d696e6973747261746f72223b656d61696c7c733a31393a2261646d696e407065727075737765622e636f6d223b726f6c657c733a353a2261646d696e223b69735f6163746976657c733a313a2231223b6c6f676765645f696e7c623a313b5f5f63695f766172737c613a303a7b7d),
('ci_session:8f95e209b7db29c13ce73208e2fa291b', '::1', '2025-06-28 07:18:32', 0x5f5f63695f6c6173745f726567656e65726174657c693a313735313039353131323b5f5f63695f766172737c613a303a7b7d5f63695f70726576696f75735f75726c7c733a33323a22687474703a2f2f6c6f63616c686f73743a383038302f617574682f6c6f67696e223b),
('ci_session:8fc0185aefb20db0daa9bee54451fa5c', '::1', '2025-06-28 08:30:30', 0x5f5f63695f6c6173745f726567656e65726174657c693a313735313039393433303b5f5f63695f766172737c613a303a7b7d5f63695f70726576696f75735f75726c7c733a33323a22687474703a2f2f6c6f63616c686f73743a383038302f617574682f6c6f67696e223b),
('ci_session:97934f495de2b60684c2ca359f302480', '::1', '2025-06-28 09:44:22', 0x5f5f63695f6c6173745f726567656e65726174657c693a313735313130333836323b6572726f727c733a32393a2253696c616b616e206c6f67696e207465726c6562696820646168756c75223b5f5f63695f766172737c613a313a7b733a353a226572726f72223b733a333a226e6577223b7d),
('ci_session:9934e4bc4ce8709db273e263b20750b8', '::1', '2025-06-28 06:37:11', 0x5f5f63695f6c6173745f726567656e65726174657c693a313735313039323633313b5f5f63695f766172737c613a303a7b7d5f63695f70726576696f75735f75726c7c733a33353a22687474703a2f2f6c6f63616c686f73743a383038302f617574682f7265676973746572223b),
('ci_session:9a59fc95a38c703f32eece0bbd0623b5', '::1', '2025-06-28 12:35:26', 0x5f5f63695f6c6173745f726567656e65726174657c693a313735313131343132363b5f63695f70726576696f75735f75726c7c733a33373a22687474703a2f2f6c6f63616c686f73743a383038302f757365722f626f72726f77696e6773223b757365725f69647c733a313a2238223b757365726e616d657c733a31393a22727564696e69696e6940676d61696c2e636f6d223b66756c6c6e616d657c733a363a22727564696e69223b656d61696c7c733a31393a22727564696e69696e6940676d61696c2e636f6d223b726f6c657c733a343a2275736572223b6c6f676765645f696e7c623a313b5f5f63695f766172737c613a303a7b7d),
('ci_session:a2cbc5cdaa3ea582cea7d5e92275909a', '::1', '2025-06-28 08:54:28', 0x5f5f63695f6c6173745f726567656e65726174657c693a313735313130303836383b5f5f63695f766172737c613a303a7b7d5f63695f70726576696f75735f75726c7c733a33393a22687474703a2f2f6c6f63616c686f73742f70657270757377656266696e616c2f7075626c69632f223b),
('ci_session:a3b91f43ffce5d7b961127f31318a94d', '::1', '2025-06-28 07:02:03', 0x5f5f63695f6c6173745f726567656e65726174657c693a313735313039343132333b6572726f727c733a32393a2253696c616b616e206c6f67696e207465726c6562696820646168756c75223b5f5f63695f766172737c613a313a7b733a353a226572726f72223b733a333a226e6577223b7d),
('ci_session:a844551d2f3c3fedf27f5602cde6baf1', '::1', '2025-06-28 09:37:25', 0x5f5f63695f6c6173745f726567656e65726174657c693a313735313130333434353b5f63695f70726576696f75735f75726c7c733a35343a22687474703a2f2f6c6f63616c686f73742f70657270757377656266696e616c2f7075626c69632f61646d696e2f64617368626f617264223b757365725f69647c733a313a2231223b757365726e616d657c733a353a2261646d696e223b66756c6c6e616d657c733a31333a2241646d696e6973747261746f72223b656d61696c7c733a31393a2261646d696e407065727075737765622e636f6d223b726f6c657c733a353a2261646d696e223b69735f6163746976657c733a313a2231223b6c6f676765645f696e7c623a313b),
('ci_session:afa66c34a382aa10fa697e4f64b53a9f', '::1', '2025-06-28 09:49:11', 0x5f5f63695f6c6173745f726567656e65726174657c693a313735313130343135313b6572726f727c733a32393a2253696c616b616e206c6f67696e207465726c6562696820646168756c75223b5f5f63695f766172737c613a313a7b733a353a226572726f72223b733a333a226e6577223b7d),
('ci_session:b08b8bbce66934ab3a4f7dd81d507bfb', '::1', '2025-06-28 10:49:30', 0x5f5f63695f6c6173745f726567656e65726174657c693a313735313130373737303b5f63695f70726576696f75735f75726c7c733a33373a22687474703a2f2f6c6f63616c686f73743a383038302f757365722f626f72726f77696e6773223b757365725f69647c733a313a2238223b757365726e616d657c733a31393a22727564696e69696e6940676d61696c2e636f6d223b66756c6c6e616d657c733a363a22727564696e69223b656d61696c7c733a31393a22727564696e69696e6940676d61696c2e636f6d223b726f6c657c733a343a2275736572223b6c6f676765645f696e7c623a313b5f5f63695f766172737c613a303a7b7d),
('ci_session:b1a76f6e4b7b53724ac20a8b7ceb91e2', '::1', '2025-06-28 12:04:12', 0x5f5f63695f6c6173745f726567656e65726174657c693a313735313131323235323b5f63695f70726576696f75735f75726c7c733a33363a22687474703a2f2f6c6f63616c686f73743a383038302f757365722f64617368626f617264223b757365725f69647c733a313a2238223b757365726e616d657c733a31393a22727564696e69696e6940676d61696c2e636f6d223b66756c6c6e616d657c733a363a22727564696e69223b656d61696c7c733a31393a22727564696e69696e6940676d61696c2e636f6d223b726f6c657c733a343a2275736572223b6c6f676765645f696e7c623a313b5f5f63695f766172737c613a303a7b7d),
('ci_session:b5be13d5738d9cc82a9743ae4a3d306d', '::1', '2025-06-28 09:58:30', 0x5f5f63695f6c6173745f726567656e65726174657c693a313735313130343731303b5f63695f70726576696f75735f75726c7c733a35343a22687474703a2f2f6c6f63616c686f73742f70657270757377656266696e616c2f7075626c69632f61646d696e2f64617368626f617264223b757365725f69647c733a313a2231223b757365726e616d657c733a353a2261646d696e223b66756c6c6e616d657c733a31333a2241646d696e6973747261746f72223b656d61696c7c733a31393a2261646d696e407065727075737765622e636f6d223b726f6c657c733a353a2261646d696e223b69735f6163746976657c733a313a2231223b6c6f676765645f696e7c623a313b),
('ci_session:b98235c6a448c87b838cc1a99407186a', '::1', '2025-06-28 13:09:52', 0x5f5f63695f6c6173745f726567656e65726174657c693a313735313131363139323b5f63695f70726576696f75735f75726c7c733a33343a22687474703a2f2f6c6f63616c686f73743a383038302f757365722f626f6f6b732f31223b757365725f69647c733a313a2238223b757365726e616d657c733a31393a22727564696e69696e6940676d61696c2e636f6d223b66756c6c6e616d657c733a363a22727564696e69223b656d61696c7c733a31393a22727564696e69696e6940676d61696c2e636f6d223b726f6c657c733a343a2275736572223b6c6f676765645f696e7c623a313b5f5f63695f766172737c613a303a7b7d),
('ci_session:b9da31dfeaaf4e96366a8b17dcd84966', '::1', '2025-06-28 07:21:25', 0x5f5f63695f6c6173745f726567656e65726174657c693a313735313039353238353b5f63695f70726576696f75735f75726c7c733a34303a22687474703a2f2f6c6f63616c686f73743a383038302f61646d696e2f626f6f6b732f656469742f31223b757365725f69647c733a313a2231223b757365726e616d657c733a353a2261646d696e223b66756c6c6e616d657c733a31333a2241646d696e6973747261746f72223b656d61696c7c733a31393a2261646d696e407065727075737765622e636f6d223b726f6c657c733a353a2261646d696e223b69735f6163746976657c733a313a2231223b6c6f676765645f696e7c623a313b),
('ci_session:be3dc8ffd69dc4c3b366a16f64e8b617', '::1', '2025-06-28 09:02:50', 0x5f5f63695f6c6173745f726567656e65726174657c693a313735313130313337303b5f5f63695f766172737c613a303a7b7d5f63695f70726576696f75735f75726c7c733a34393a22687474703a2f2f6c6f63616c686f73742f70657270757377656266696e616c2f7075626c69632f617574682f6c6f67696e223b),
('ci_session:bf73a86153fc6e48dbadeaf792ab6662', '::1', '2025-06-27 18:52:54', 0x5f5f63695f6c6173745f726567656e65726174657c693a313735313035303337343b5f63695f70726576696f75735f75726c7c733a33373a22687474703a2f2f6c6f63616c686f73743a383038302f61646d696e2f64617368626f617264223b757365725f69647c733a313a2231223b757365726e616d657c733a353a2261646d696e223b66756c6c6e616d657c733a31333a2241646d696e6973747261746f72223b656d61696c7c733a31393a2261646d696e407065727075737765622e636f6d223b726f6c657c733a353a2261646d696e223b69735f6163746976657c733a313a2231223b6c6f676765645f696e7c623a313b),
('ci_session:c3059f952350fd1459388616c7415421', '::1', '2025-06-28 09:02:20', 0x5f5f63695f6c6173745f726567656e65726174657c693a313735313130313334303b5f63695f70726576696f75735f75726c7c733a33393a22687474703a2f2f6c6f63616c686f73742f70657270757377656266696e616c2f7075626c69632f223b757365725f69647c733a313a2231223b757365726e616d657c733a353a2261646d696e223b66756c6c6e616d657c733a31333a2241646d696e6973747261746f72223b656d61696c7c733a31393a2261646d696e407065727075737765622e636f6d223b726f6c657c733a353a2261646d696e223b69735f6163746976657c733a313a2231223b6c6f676765645f696e7c623a313b),
('ci_session:c4cd3eeafd1299ce31a689af38f757e6', '::1', '2025-06-27 19:55:38', 0x5f5f63695f6c6173745f726567656e65726174657c693a313735313035343038323b5f63695f70726576696f75735f75726c7c733a33333a22687474703a2f2f6c6f63616c686f73743a383038302f61646d696e2f626f6f6b73223b757365725f69647c733a313a2231223b757365726e616d657c733a353a2261646d696e223b66756c6c6e616d657c733a31333a2241646d696e6973747261746f72223b656d61696c7c733a31393a2261646d696e407065727075737765622e636f6d223b726f6c657c733a353a2261646d696e223b69735f6163746976657c733a313a2231223b6c6f676765645f696e7c623a313b5f5f63695f766172737c613a303a7b7d),
('ci_session:c93a7889152c4b6d69f92fd7d8543d35', '::1', '2025-06-28 10:21:33', 0x5f5f63695f6c6173745f726567656e65726174657c693a313735313130363039333b5f63695f70726576696f75735f75726c7c733a34303a22687474703a2f2f6c6f63616c686f73743a383038302f61646d696e2f626f6f6b732f656469742f36223b757365725f69647c733a313a2231223b757365726e616d657c733a353a2261646d696e223b66756c6c6e616d657c733a31333a2241646d696e6973747261746f72223b656d61696c7c733a31393a2261646d696e407065727075737765622e636f6d223b726f6c657c733a353a2261646d696e223b6c6f676765645f696e7c623a313b),
('ci_session:c9d1f46945930f942ac200f01dd9d497', '::1', '2025-06-28 10:13:24', 0x5f5f63695f6c6173745f726567656e65726174657c693a313735313130353630343b5f63695f70726576696f75735f75726c7c733a32363a22687474703a2f2f6c6f63616c686f73743a383038302f75736572223b757365725f69647c733a313a2238223b757365726e616d657c733a31393a22727564696e69696e6940676d61696c2e636f6d223b66756c6c6e616d657c733a363a22727564696e69223b656d61696c7c733a31393a22727564696e69696e6940676d61696c2e636f6d223b726f6c657c733a343a2275736572223b6c6f676765645f696e7c623a313b5f5f63695f766172737c613a303a7b7d),
('ci_session:cbc6e4cc9b00131b5df95efd308a60e2', '::1', '2025-06-27 13:24:59', 0x5f5f63695f6c6173745f726567656e65726174657c693a313735313033303634343b5f63695f70726576696f75735f75726c7c733a33323a22687474703a2f2f6c6f63616c686f73743a383038302f617574682f6c6f67696e223b5f5f63695f766172737c613a303a7b7d),
('ci_session:cea24db90469596817c04e7582bc5a45', '::1', '2025-06-27 09:58:03', 0x5f5f63695f6c6173745f726567656e65726174657c693a313735313031383236313b5f63695f70726576696f75735f75726c7c733a33353a22687474703a2f2f6c6f63616c686f73743a383038302f61646d696e2f7265706f727473223b757365725f69647c733a313a2231223b757365726e616d657c733a353a2261646d696e223b66756c6c6e616d657c733a31333a2241646d696e6973747261746f72223b656d61696c7c733a31393a2261646d696e407065727075737765622e636f6d223b726f6c657c733a353a2261646d696e223b6c6f676765645f696e7c623a313b),
('ci_session:cf6b318c85aafef5c6bcc6a487054f63', '::1', '2025-06-28 09:22:44', 0x5f5f63695f6c6173745f726567656e65726174657c693a313735313130323536343b5f63695f70726576696f75735f75726c7c733a35343a22687474703a2f2f6c6f63616c686f73742f70657270757377656266696e616c2f7075626c69632f61646d696e2f64617368626f617264223b757365725f69647c733a313a2231223b757365726e616d657c733a353a2261646d696e223b66756c6c6e616d657c733a31333a2241646d696e6973747261746f72223b656d61696c7c733a31393a2261646d696e407065727075737765622e636f6d223b726f6c657c733a353a2261646d696e223b69735f6163746976657c733a313a2231223b6c6f676765645f696e7c623a313b),
('ci_session:d2a849878d9a068a1e752fa1dd2e64a0', '::1', '2025-06-28 07:18:33', 0x5f5f63695f6c6173745f726567656e65726174657c693a313735313039353131333b6572726f727c733a32393a2253696c616b616e206c6f67696e207465726c6562696820646168756c75223b5f5f63695f766172737c613a313a7b733a353a226572726f72223b733a333a226e6577223b7d),
('ci_session:d6969d48fed4ad79e5840150af55c3e5', '::1', '2025-06-28 09:44:04', 0x5f5f63695f6c6173745f726567656e65726174657c693a313735313130333834343b5f63695f70726576696f75735f75726c7c733a35343a22687474703a2f2f6c6f63616c686f73742f70657270757377656266696e616c2f7075626c69632f61646d696e2f64617368626f617264223b757365725f69647c733a313a2231223b757365726e616d657c733a353a2261646d696e223b66756c6c6e616d657c733a31333a2241646d696e6973747261746f72223b656d61696c7c733a31393a2261646d696e407065727075737765622e636f6d223b726f6c657c733a353a2261646d696e223b69735f6163746976657c733a313a2231223b6c6f676765645f696e7c623a313b),
('ci_session:d7ec9b53f6323cb01ef121d1292b3bb2', '::1', '2025-06-28 10:08:09', 0x5f5f63695f6c6173745f726567656e65726174657c693a313735313130353238393b5f63695f70726576696f75735f75726c7c733a32363a22687474703a2f2f6c6f63616c686f73743a383038302f75736572223b757365725f69647c733a313a2238223b757365726e616d657c733a31393a22727564696e69696e6940676d61696c2e636f6d223b66756c6c6e616d657c733a363a22727564696e69223b656d61696c7c733a31393a22727564696e69696e6940676d61696c2e636f6d223b726f6c657c733a343a2275736572223b6c6f676765645f696e7c623a313b5f5f63695f766172737c613a303a7b7d),
('ci_session:dd139bc697aa590c5ad7343eb5933142', '::1', '2025-06-27 13:38:06', 0x5f5f63695f6c6173745f726567656e65726174657c693a313735313033313438363b5f63695f70726576696f75735f75726c7c733a34303a22687474703a2f2f6c6f63616c686f73743a383038302f61646d696e2f626f6f6b732f656469742f32223b757365725f69647c733a313a2231223b757365726e616d657c733a353a2261646d696e223b66756c6c6e616d657c733a31333a2241646d696e6973747261746f72223b656d61696c7c733a31393a2261646d696e407065727075737765622e636f6d223b726f6c657c733a353a2261646d696e223b69735f6163746976657c733a313a2231223b6c6f676765645f696e7c623a313b5f63695f6f6c645f696e7075747c613a323a7b733a333a22676574223b613a303a7b7d733a343a22706f7374223b613a383a7b733a353a227469746c65223b733a373a2242696e74616e67223b733a363a22617574686f72223b733a393a2274657265206c697965223b733a393a227075626c6973686572223b733a383a224772656d65646961223b733a343a2279656172223b733a343a2232303138223b733a343a226973626e223b733a31303a2231393732363138323230223b733a353a2273746f636b223b733a313a2231223b733a383a2263617465676f7279223b733a393a224e6f6e2d46696b7369223b733a31313a226465736372697074696f6e223b733a32353a227a7a7a7a7a7a7a7a7a7a7a7a7a7a7a7a7a7a7a7a7a7a7a7a7a223b7d7d5f5f63695f766172737c613a323a7b733a31333a225f63695f6f6c645f696e707574223b733a333a226f6c64223b733a353a226572726f72223b733a333a226f6c64223b7d6572726f727c733a32313a22476167616c206d656e677570646174652062756b75223b),
('ci_session:de8cf8f6fbd4f64ba5bc196e0b902c22', '::1', '2025-06-28 11:43:23', 0x5f5f63695f6c6173745f726567656e65726174657c693a313735313131313030333b5f63695f70726576696f75735f75726c7c733a33373a22687474703a2f2f6c6f63616c686f73743a383038302f757365722f626f72726f77696e6773223b757365725f69647c733a313a2238223b757365726e616d657c733a31393a22727564696e69696e6940676d61696c2e636f6d223b66756c6c6e616d657c733a31323a22527564696e69207365646174223b656d61696c7c733a31393a22727564696e69696e6940676d61696c2e636f6d223b726f6c657c733a343a2275736572223b6c6f676765645f696e7c623a313b5f5f63695f766172737c613a303a7b7d),
('ci_session:e30d9d2c7f28248b26a29d1e30936fb0', '::1', '2025-06-28 12:16:53', 0x5f5f63695f6c6173745f726567656e65726174657c693a313735313131333031333b5f63695f70726576696f75735f75726c7c733a33363a22687474703a2f2f6c6f63616c686f73743a383038302f757365722f64617368626f617264223b757365725f69647c733a313a2238223b757365726e616d657c733a31393a22727564696e69696e6940676d61696c2e636f6d223b66756c6c6e616d657c733a363a22727564696e69223b656d61696c7c733a31393a22727564696e69696e6940676d61696c2e636f6d223b726f6c657c733a343a2275736572223b6c6f676765645f696e7c623a313b5f5f63695f766172737c613a303a7b7d),
('ci_session:e364861dcc3c87db0fbfb42acd618f9b', '::1', '2025-06-28 07:04:40', 0x5f5f63695f6c6173745f726567656e65726174657c693a313735313039343238303b5f63695f70726576696f75735f75726c7c733a33333a22687474703a2f2f6c6f63616c686f73743a383038302f61646d696e2f626f6f6b73223b757365725f69647c733a313a2231223b757365726e616d657c733a353a2261646d696e223b66756c6c6e616d657c733a31333a2241646d696e6973747261746f72223b656d61696c7c733a31393a2261646d696e407065727075737765622e636f6d223b726f6c657c733a353a2261646d696e223b69735f6163746976657c733a313a2231223b6c6f676765645f696e7c623a313b5f5f63695f766172737c613a303a7b7d),
('ci_session:e54633371189301b072642f8f97f808f', '::1', '2025-06-28 11:19:54', 0x5f5f63695f6c6173745f726567656e65726174657c693a313735313130393539343b5f63695f70726576696f75735f75726c7c733a33373a22687474703a2f2f6c6f63616c686f73743a383038302f757365722f626f72726f77696e6773223b757365725f69647c733a313a2238223b757365726e616d657c733a31393a22727564696e69696e6940676d61696c2e636f6d223b66756c6c6e616d657c733a31323a22527564696e69207365646174223b656d61696c7c733a31393a22727564696e69696e6940676d61696c2e636f6d223b726f6c657c733a343a2275736572223b6c6f676765645f696e7c623a313b5f5f63695f766172737c613a303a7b7d),
('ci_session:e902c006fbbf51774b039ff44f691d4c', '::1', '2025-06-27 13:25:51', 0x5f5f63695f6c6173745f726567656e65726174657c693a313735313033303735313b5f63695f70726576696f75735f75726c7c733a32323a22687474703a2f2f6c6f63616c686f73743a383038302f223b5f63695f6f6c645f696e7075747c613a323a7b733a333a22676574223b613a303a7b7d733a343a22706f7374223b613a333a7b733a353a22656d61696c223b733a31393a22727564696e69696e6940676d61696c2e636f6d223b733a383a2270617373776f7264223b733a383a223132333435363738223b733a383a2272656d656d626572223b733a323a226f6e223b7d7d5f5f63695f766172737c613a323a7b733a31333a225f63695f6f6c645f696e707574223b733a333a226f6c64223b733a353a226572726f72223b733a333a226f6c64223b7d6572726f727c733a32353a22456d61696c20617461752070617373776f72642073616c6168223b),
('ci_session:ed6dcf7435a88c68eb6829539945e9e2', '::1', '2025-06-28 12:49:12', 0x5f5f63695f6c6173745f726567656e65726174657c693a313735313131343935323b5f63695f70726576696f75735f75726c7c733a33373a22687474703a2f2f6c6f63616c686f73743a383038302f757365722f626f72726f77696e6773223b757365725f69647c733a313a2238223b757365726e616d657c733a31393a22727564696e69696e6940676d61696c2e636f6d223b66756c6c6e616d657c733a363a22727564696e69223b656d61696c7c733a31393a22727564696e69696e6940676d61696c2e636f6d223b726f6c657c733a343a2275736572223b6c6f676765645f696e7c623a313b6e6f74696669636174696f6e7c613a333a7b733a373a226d657373616765223b733a33323a2250656d696e6a616d616e20626572686173696c20646970657270616e6a616e67223b733a343a2274797065223b733a373a2273756363657373223b733a373a226f7074696f6e73223b613a323a7b733a353a227469746c65223b733a32313a2250657270616e6a616e67616e20426572686173696c223b733a343a2269636f6e223b733a32303a226661732066612d63616c656e6461722d706c7573223b7d7d5f5f63695f766172737c613a313a7b733a31323a226e6f74696669636174696f6e223b733a333a226f6c64223b7d),
('ci_session:ed7c6c5e379a78edbcd24ec890e2ef59', '::1', '2025-06-28 10:34:01', 0x5f5f63695f6c6173745f726567656e65726174657c693a313735313130363834313b5f63695f70726576696f75735f75726c7c733a33373a22687474703a2f2f6c6f63616c686f73743a383038302f61646d696e2f64617368626f617264223b757365725f69647c733a313a2231223b757365726e616d657c733a353a2261646d696e223b66756c6c6e616d657c733a31333a2241646d696e6973747261746f72223b656d61696c7c733a31393a2261646d696e407065727075737765622e636f6d223b726f6c657c733a353a2261646d696e223b6c6f676765645f696e7c623a313b),
('ci_session:f039118e6c33f44eb472a03249fbf5fb', '::1', '2025-06-27 13:44:57', 0x5f5f63695f6c6173745f726567656e65726174657c693a313735313033313839373b5f63695f70726576696f75735f75726c7c733a33333a22687474703a2f2f6c6f63616c686f73743a383038302f61646d696e2f626f6f6b73223b757365725f69647c733a313a2231223b757365726e616d657c733a353a2261646d696e223b66756c6c6e616d657c733a31333a2241646d696e6973747261746f72223b656d61696c7c733a31393a2261646d696e407065727075737765622e636f6d223b726f6c657c733a353a2261646d696e223b69735f6163746976657c733a313a2231223b6c6f676765645f696e7c623a313b6572726f727c733a34373a22546964616b206461706174206d656e6768617075732062756b752079616e6720736564616e6720646970696e6a616d223b5f5f63695f766172737c613a313a7b733a353a226572726f72223b733a333a226f6c64223b7d),
('ci_session:f61e9db9ee9fff33affa42ba70e03006', '::1', '2025-06-28 09:13:55', 0x5f5f63695f6c6173745f726567656e65726174657c693a313735313130323033353b5f63695f70726576696f75735f75726c7c733a35303a22687474703a2f2f6c6f63616c686f73742f70657270757377656266696e616c2f7075626c69632f61646d696e2f626f6f6b73223b757365725f69647c733a313a2231223b757365726e616d657c733a353a2261646d696e223b66756c6c6e616d657c733a31333a2241646d696e6973747261746f72223b656d61696c7c733a31393a2261646d696e407065727075737765622e636f6d223b726f6c657c733a353a2261646d696e223b69735f6163746976657c733a313a2231223b6c6f676765645f696e7c623a313b5f5f63695f766172737c613a303a7b7d),
('ci_session:f67c9c6ebedb40a8d9765a96b0a37d3d', '::1', '2025-06-28 06:35:51', 0x5f5f63695f6c6173745f726567656e65726174657c693a313735313039323535313b5f5f63695f766172737c613a303a7b7d5f63695f70726576696f75735f75726c7c733a33323a22687474703a2f2f6c6f63616c686f73743a383038302f617574682f6c6f67696e223b),
('ci_session:f7b6ac3bf05998088e700f44ab6bbce5', '::1', '2025-06-27 19:40:21', 0x5f5f63695f6c6173745f726567656e65726174657c693a313735313035333232313b5f63695f70726576696f75735f75726c7c733a33373a22687474703a2f2f6c6f63616c686f73743a383038302f757365722f626f72726f77696e6773223b757365725f69647c733a313a2238223b757365726e616d657c733a31393a22727564696e69696e6940676d61696c2e636f6d223b66756c6c6e616d657c733a363a22727564696e69223b656d61696c7c733a31393a22727564696e69696e6940676d61696c2e636f6d223b726f6c657c733a343a2275736572223b69735f6163746976657c733a313a2231223b6c6f676765645f696e7c623a313b5f5f63695f766172737c613a303a7b7d),
('ci_session:fa3754c80a2d03fc04d82ea70c160a56', '::1', '2025-06-28 07:18:33', 0x5f5f63695f6c6173745f726567656e65726174657c693a313735313039353131333b5f5f63695f766172737c613a303a7b7d5f63695f70726576696f75735f75726c7c733a33323a22687474703a2f2f6c6f63616c686f73743a383038302f617574682f6c6f67696e223b),
('ci_session:fce7a5f231d7c87243886026972a3a73', '::1', '2025-06-28 10:27:02', 0x5f5f63695f6c6173745f726567656e65726174657c693a313735313130363432323b5f63695f70726576696f75735f75726c7c733a34303a22687474703a2f2f6c6f63616c686f73743a383038302f61646d696e2f626f6f6b732f656469742f35223b757365725f69647c733a313a2231223b757365726e616d657c733a353a2261646d696e223b66756c6c6e616d657c733a31333a2241646d696e6973747261746f72223b656d61696c7c733a31393a2261646d696e407065727075737765622e636f6d223b726f6c657c733a353a2261646d696e223b6c6f676765645f696e7c623a313b),
('ci_session:fe6c99ba19fb294bea124013951011f7', '::1', '2025-06-28 07:18:32', 0x5f5f63695f6c6173745f726567656e65726174657c693a313735313039353131323b6572726f727c733a32393a2253696c616b616e206c6f67696e207465726c6562696820646168756c75223b5f5f63695f766172737c613a313a7b733a353a226572726f72223b733a333a226e6577223b7d);

-- --------------------------------------------------------

--
-- Table structure for table `migrations`
--

CREATE TABLE `migrations` (
  `id` bigint(20) UNSIGNED NOT NULL,
  `version` varchar(255) NOT NULL,
  `class` varchar(255) NOT NULL,
  `group` varchar(255) NOT NULL,
  `namespace` varchar(255) NOT NULL,
  `time` int(11) NOT NULL,
  `batch` int(11) UNSIGNED NOT NULL
) ENGINE=InnoDB DEFAULT CHARSET=utf8mb4 COLLATE=utf8mb4_general_ci;

--
-- Dumping data for table `migrations`
--

INSERT INTO `migrations` (`id`, `version`, `class`, `group`, `namespace`, `time`, `batch`) VALUES
(4, '2024_03_19_000001', 'App\\Database\\Migrations\\CreateUsersTable', 'default', 'App', 1749425370, 1),
(5, '2024_03_19_000002', 'App\\Database\\Migrations\\CreateBooksTable', 'default', 'App', 1749425370, 1),
(6, '2024_03_19_000003', 'App\\Database\\Migrations\\CreateBorrowingsTable', 'default', 'App', 1749425370, 1),
(7, '2025-06-09-084342', 'App\\Database\\Migrations\\AddCategoryToBooks', 'default', 'App', 1749458658, 2),
(8, '2024_03_21_000001', 'App\\Database\\Migrations\\AddPhoneToUsers', 'default', 'App', 1749460690, 3);

-- --------------------------------------------------------

--
-- Table structure for table `users`
--

CREATE TABLE `users` (
  `id` int(11) UNSIGNED NOT NULL,
  `username` varchar(100) NOT NULL,
  `email` varchar(100) NOT NULL,
  `password` varchar(255) NOT NULL,
  `fullname` varchar(100) NOT NULL,
  `phone` varchar(15) DEFAULT NULL,
  `role` enum('admin','user') NOT NULL DEFAULT 'user',
  `is_active` tinyint(1) NOT NULL DEFAULT 1,
  `created_at` datetime DEFAULT NULL,
  `updated_at` datetime DEFAULT NULL,
  `deleted_at` datetime DEFAULT NULL
) ENGINE=InnoDB DEFAULT CHARSET=utf8mb4 COLLATE=utf8mb4_general_ci;

--
-- Dumping data for table `users`
--

INSERT INTO `users` (`id`, `username`, `email`, `password`, `fullname`, `phone`, `role`, `is_active`, `created_at`, `updated_at`, `deleted_at`) VALUES
(1, 'admin', 'admin@perpusweb.com', '$2y$10$4mzeODC.qZKNZZBaSZafp./0Q8RGWbe5BgAf0sE7G5qn3l4R9RLlK', 'Administrator', NULL, 'admin', 1, '2025-06-08 23:53:22', '2025-06-08 23:53:22', NULL),
(6, 'ariqibtihal19@gmail.com', 'ariqibtihal19@gmail.com', '$2y$12$q.KH7jsaek/h4VdZiKlROODDFSDBiP6U/wxbA0pscFv57ciYmyvTW', 'ariqibtihal', '085715427332', 'user', 1, '2025-06-09 10:33:53', '2025-06-09 10:33:53', NULL),
(7, 'ibtihalariq2@gmail.com', 'ibtihalariq2@gmail.com', '$2y$12$q.KH7jsaek/h4VdZiKlROODDFSDBiP6U/wxbA0pscFv57ciYmyvTW', 'ibtihalfirdaus', '085715427221', 'user', 1, '2025-06-09 10:49:34', '2025-06-09 10:49:34', NULL),
(8, 'rudiniini@gmail.com', 'rudiniini@gmail.com', '$2y$12$B3DlMNPbxKASuOmsedukiOB.eQ4ZkB56Mn8di3sR/TOw5.FcA./pS', 'rudini', '085718647655', 'user', 1, '2025-06-27 13:28:00', '2025-06-27 13:28:00', NULL);

--
-- Indexes for dumped tables
--

--
-- Indexes for table `books`
--
ALTER TABLE `books`
  ADD PRIMARY KEY (`id`),
  ADD UNIQUE KEY `isbn` (`isbn`);

--
-- Indexes for table `borrowings`
--
ALTER TABLE `borrowings`
  ADD PRIMARY KEY (`id`),
  ADD KEY `borrowings_user_id_foreign` (`user_id`),
  ADD KEY `borrowings_book_id_foreign` (`book_id`);

--
-- Indexes for table `ci_sessions`
--
ALTER TABLE `ci_sessions`
  ADD PRIMARY KEY (`id`,`ip_address`),
  ADD KEY `ci_sessions_timestamp` (`timestamp`);

--
-- Indexes for table `migrations`
--
ALTER TABLE `migrations`
  ADD PRIMARY KEY (`id`);

--
-- Indexes for table `users`
--
ALTER TABLE `users`
  ADD PRIMARY KEY (`id`),
  ADD UNIQUE KEY `username` (`username`),
  ADD UNIQUE KEY `email` (`email`);

--
-- AUTO_INCREMENT for dumped tables
--

--
-- AUTO_INCREMENT for table `books`
--
ALTER TABLE `books`
  MODIFY `id` int(11) UNSIGNED NOT NULL AUTO_INCREMENT, AUTO_INCREMENT=7;

--
-- AUTO_INCREMENT for table `borrowings`
--
ALTER TABLE `borrowings`
  MODIFY `id` int(11) UNSIGNED NOT NULL AUTO_INCREMENT, AUTO_INCREMENT=16;

--
-- AUTO_INCREMENT for table `migrations`
--
ALTER TABLE `migrations`
  MODIFY `id` bigint(20) UNSIGNED NOT NULL AUTO_INCREMENT, AUTO_INCREMENT=9;

--
-- AUTO_INCREMENT for table `users`
--
ALTER TABLE `users`
  MODIFY `id` int(11) UNSIGNED NOT NULL AUTO_INCREMENT, AUTO_INCREMENT=9;

--
-- Constraints for dumped tables
--

--
-- Constraints for table `borrowings`
--
ALTER TABLE `borrowings`
  ADD CONSTRAINT `borrowings_book_id_foreign` FOREIGN KEY (`book_id`) REFERENCES `books` (`id`) ON DELETE CASCADE ON UPDATE CASCADE,
  ADD CONSTRAINT `borrowings_user_id_foreign` FOREIGN KEY (`user_id`) REFERENCES `users` (`id`) ON DELETE CASCADE ON UPDATE CASCADE;
COMMIT;

/*!40101 SET CHARACTER_SET_CLIENT=@OLD_CHARACTER_SET_CLIENT */;
/*!40101 SET CHARACTER_SET_RESULTS=@OLD_CHARACTER_SET_RESULTS */;
/*!40101 SET COLLATION_CONNECTION=@OLD_COLLATION_CONNECTION */;
